code5,city,region,pop2020,pop_current_2025jan,pop2050,pop2050_index_2020,local_tax_thousand,resident_tax_thousand,fixed_tax_thousand,revenue_total_thousand,per_capita_tax_yen,tax_share_revenue_pct,tax2050_simple_thousand,tax2050_simple_index,video_file,drive_id,pop1995,pop2000,pop2005,pop2010,pop2015,pop_current,youth_count,working_count,elderly_count,youth_pct,working_pct,elderly_pct,peak_year,peak_pop,current_index_peak,pop2050_index_peak,peak_to_current_pct,peak_to_2050_pct,current_to_2050_pct,youth2050_count,working2050_count,elderly2050_count,youth2050_pct,working2050_pct,elderly2050_pct,per_capita_tax_yen_latest,tax2050_simple_thousand_latest,tax2050_simple_index_latest,source_historical,source_current_age,source_future,source_tax,foreign_2025,foreign_2024,増減_把握分,foreign_share_pct,県人口シェア_2025,県人口シェア_2050,人口順位_2025,特徴タグ,産業企業特徴,農林水産観光特徴,土砂災害警戒区域_土石流,土砂災害警戒区域_地すべり,土砂災害警戒区域_急傾斜地,土砂災害警戒区域_合計,砂防指定地数,地すべり防止区域数,急傾斜地崩壊危険区域数,砂防三法_合計,主なイベント,主な学校,市町村合併,出身・ゆかりの著名人
17201,金沢市,石川中央,463254,443123,404449,87.30609989336303,85876202,36880971,33766210,217429616,193797.6634027121,39.496092381453686,78381271.16556351,91.27240066527804,17201_金沢市_人口ピラミッド_2020-2050.mp4,1tE21iqw9Egoy2MQqd5VSUUcJDMNxnNzb,453975,456438,454607,462361,465699,454163,49606,266242,124134,11.274552140769394,60.51202094631144,28.213426912919164,2015,465699,97.52286348048848,86.84772782419546,-2.4771365195115247,-13.152272175804548,-10.9462902085815,41202,216602,146645,10.187192946453075,53.554836332887454,36.257970720659465,189086.741984706,76475943.70897233,89.0537097914185,https://toukei.pref.ishikawa.lg.jp/library/2024.html,https://toukei.pref.ishikawa.lg.jp/search/detail.asp?d_id=5285,https://toukei.pref.ishikawa.lg.jp/search/detail.asp?d_id=4831,https://www.pref.ishikawa.lg.jp/sichousien/hikakubunseki/r6.html,9094,7998.0,1096.0,2.002364789734082,41.67175907320036,45.09907995196259,1,県都・商業、観光・文化、機械・IT、加賀野菜,県庁所在地で、商業、医療・福祉、教育、観光などのサービス業が集積する。機械・IT分野では澁谷工業、アイオーデータなどの本社が立地し、伝統工芸も地域経済の柱。,五郎島金時、加賀れんこん、すいかなどの都市近郊農業が特徴。,230.0,82.0,247.0,559.0,106.0,13.0,39.0,158.0,金沢百万石まつり、金沢マラソン、金沢JAZZ STREET,金沢大学、金沢美術工芸大学、金沢泉丘高等学校、金沢二水高等学校,平成の大合併なし,泉鏡花（小説家）、鹿賀丈史（俳優）、井上あずみ（歌手）、松本薫（柔道家）
17202,七尾市,中能登,50300,46500,27443,54.55864811133201,7721475,2585710,4107528,68659241,166053.2258064516,11.24608266496858,4556998.675806452,59.01720430107527,17202_七尾市_人口ピラミッド_2020-2050.mp4,1IOj0mBEb7TCMmIVXxvfKlTdLGrhH2a35,67368,63963,61871,57900,55325,44555,3761,21855,18401,8.54442601722062,49.65127109980234,41.80430288297703,1995,67368,66.13674147963424,40.735957724735776,-33.86325852036576,-59.26404227526423,-38.40646392099652,1906,11901,13636,6.945304813613672,43.36625004554895,49.68844514083737,173302.09852990686,4755929.489956234,61.59353607900348,https://toukei.pref.ishikawa.lg.jp/library/2024.html,https://toukei.pref.ishikawa.lg.jp/search/detail.asp?d_id=5285,https://toukei.pref.ishikawa.lg.jp/search/detail.asp?d_id=4831,https://www.pref.ishikawa.lg.jp/sichousien/hikakubunseki/r6.html,913,815.0,98.0,2.049152732577713,4.088147263221447,3.0600991747333017,7,能登の拠点、港湾・水産、和倉温泉、食品製造,能登中部の商業・医療・港湾拠点。和倉温泉の観光、七尾港、水産加工が重要で、スギヨ、加賀屋、EIZO七尾工場などが立地する。,能登かき、水産物、能登島の野菜や果樹など、海と農業を組み合わせた産業構造。,192.0,45.0,201.0,438.0,15.0,8.0,54.0,77.0,青柏祭、能登よさこい祭り、七尾港まつり,七尾高等学校、七尾東雲高等学校、田鶴浜高等学校,2004年：旧七尾市＋田鶴浜町＋中島町＋能登島町,輪島大士（大相撲力士・第54代横綱）、辻口博啓（パティシエ）、角中勝也（プロ野球選手）、瓦力（政治家）
17203,小松市,南加賀,106216,105475,86175,81.131844543195,16647959,7538752,7040502,57325090,157837.96160227543,29.04131332371218,13601686.341076083,81.70182507703247,17203_小松市_人口ピラミッド_2020-2050.mp4,1XSnyOgz7A2PKCMy3bvHqJ1acUWGBy25u,107965,108622,109084,108433,106919,103332,12502,59231,30244,12.25962717083264,58.08270492365926,29.657667905508102,2005,109084,94.7269993766272,78.99875325437277,-5.273000623372814,-21.00124674562722,-16.603762629195217,9460,45168,31547,10.977661734841892,52.414273281114006,36.6080649840441,161111.35950141292,13883771.405034255,83.39623737080477,https://toukei.pref.ishikawa.lg.jp/library/2024.html,https://toukei.pref.ishikawa.lg.jp/search/detail.asp?d_id=5285,https://toukei.pref.ishikawa.lg.jp/search/detail.asp?d_id=4831,https://www.pref.ishikawa.lg.jp/sichousien/hikakubunseki/r6.html,3436,3240.0,196.0,3.325204196183176,9.48123517008638,9.60915520834611,3,建設機械、製造業、空港・物流、農業,県内有数の製造業都市。コマツ粟津工場、小松ウオール工業などの大規模事業所があり、建設機械、機械部品、繊維関連の裾野が広い。,米、トマト、たけのこなどの農業に加え、小松空港を生かした交流・物流機能を持つ。,181.0,13.0,66.0,260.0,27.0,0.0,13.0,40.0,お旅まつり、小松市どんどんまつり、航空祭 in KOMATSU,公立小松大学、小松高等学校、小松工業高等学校,平成の大合併なし,宮本三郎（洋画家）、一川保夫（政治家）、元谷外志雄（実業家）、島内宏明（プロ野球選手）
17204,輪島市,奥能登,24608,20928,10754,43.70123537061119,2048765,674628,1037965,114207932,97895.88111620797,1.7938902877603982,1052772.3055237003,51.38570336391437,17204_輪島市_人口ピラミッド_2020-2050.mp4,1znmRZHzeMoqLZwLc0Lw_sqM06tBhg6jk,37133,34531,32823,29858,27216,18708,1140,7708,9737,6.133979015334948,41.474307237019104,52.39171374764595,1995,37133,50.38106266663076,28.96076266393774,-49.61893733336924,-71.03923733606226,-42.5165704511439,626,4176,5952,5.821089827041101,38.832062488376415,55.34684768458248,109512.77528330126,1177700.3853966217,57.4834295488561,https://toukei.pref.ishikawa.lg.jp/library/2024.html,https://toukei.pref.ishikawa.lg.jp/search/detail.asp?d_id=5285,https://toukei.pref.ishikawa.lg.jp/search/detail.asp?d_id=4831,https://www.pref.ishikawa.lg.jp/sichousien/hikakubunseki/r6.html,124,98.0,26.0,0.6628180457558264,1.7165538996823442,1.1991512052283615,12,輪島塗、漁業、観光、震災復興,輪島塗を中心とする伝統工芸、朝市・観光、漁業、農林業が中心。大規模企業よりも地域の中小事業者と家族経営の比重が高い。,水産物、米、里山・里海の農林水産業が特徴。震災後は事業再開と担い手確保が大きな課題。,374.0,217.0,375.0,966.0,116.0,49.0,78.0,243.0,輪島大祭、輪島市民まつり、あえの風冬まつり,輪島高等学校、門前高等学校、輪島中学校,2006年：旧輪島市＋門前町,永井豪（漫画家）、前史雄（漆芸家・人間国宝）、山中毅（競泳選手）、北村茂男（政治家）
17205,珠洲市,奥能登,12929,11374,5083,39.31471884909893,1141573,418908,535101,85470396,100366.88939687006,1.335635557368893,510164.8988042905,44.68964304554247,17205_珠洲市_人口ピラミッド_2020-2050.mp4,1SKeDb3_Iql-G83m5MjJRtVR9BHJhT88V,21580,19852,18050,16300,14625,9812,583,3792,5416,5.954447962414462,38.72944540904913,55.31610662853641,1995,21580,45.46802594995366,23.55421686746988,-54.53197405004634,-76.44578313253012,-48.196086424785975,285,1655,3143,5.606925044265198,32.55951209915404,61.83356285658076,116344.57806767224,591379.4903179781,51.80391357521403,https://toukei.pref.ishikawa.lg.jp/library/2024.html,https://toukei.pref.ishikawa.lg.jp/search/detail.asp?d_id=5285,https://toukei.pref.ishikawa.lg.jp/search/detail.asp?d_id=4831,https://www.pref.ishikawa.lg.jp/sichousien/hikakubunseki/r6.html,88,74.0,14.0,0.8968609865470852,0.9003007731282424,0.5667924099103369,17,製塩、珪藻土、農林水産、震災復興,製塩、珪藻土製品、観光、農林水産業が中心。人口規模は小さいが、能登独自の地域資源を活用した産業が多い。,米、豆類、野菜、漁業など。震災後の人口流出と地域産業の再建が将来人口を左右する。,91.0,76.0,164.0,331.0,54.0,27.0,29.0,110.0,飯田燈籠山祭り、珠洲まつり、奥能登国際芸術祭,飯田高等学校、緑丘中学校、大谷小中学校,平成の大合併なし,井道千尋（将棋棋士）、吉田豊（言語学者）、千田一路（俳人）、神保重吉（政治家）
17206,加賀市,南加賀,63220,61703,36571,57.84720025308447,9282196,3793916,4049939,38849060,150433.46352689498,23.89297450182836,5501502.194642075,59.26940343257216,17206_加賀市_人口ピラミッド_2020-2050.mp4,1EQ5XMua-29R9L6g169w7BFwWxlVle537,80333,78563,74982,71887,67186,58747,5655,30964,21893,9.664684167350288,52.9190593382554,37.41625649439431,1995,80333,73.12934908443603,45.52425528736634,-26.870650915563964,-54.475744712633656,-37.74831055202819,2786,15950,17835,7.61805802411747,43.61379234912909,48.76814962675344,158002.893764788,5778323.827872062,62.25168944797181,https://toukei.pref.ishikawa.lg.jp/library/2024.html,https://toukei.pref.ishikawa.lg.jp/search/detail.asp?d_id=5285,https://toukei.pref.ishikawa.lg.jp/search/detail.asp?d_id=4831,https://www.pref.ishikawa.lg.jp/sichousien/hikakubunseki/r6.html,1735,1573.0,162.0,2.9533422983301274,5.390335254684555,4.077939252966935,4,温泉観光、機械製造、伝統工芸、果樹,山代・山中・片山津温泉を中心とする観光と製造業が二本柱。大同工業の本社・工場、小松ウオールの工場などが立地し、山中漆器や九谷焼の文化もある。,米、なし、ぶどうなどの農業が行われ、温泉・食・工芸を組み合わせた観光産業が強い。,78.0,21.0,101.0,200.0,22.0,2.0,18.0,42.0,山代大田楽、山中温泉こいこい祭、片山津温泉納涼花火,大聖寺高等学校、大聖寺実業高等学校、加賀高等学校,2005年：旧加賀市＋山中町,ダンディ坂野（お笑いタレント）、道場六三郎（料理人）、深田久弥（作家・登山家）、中谷宇吉郎（物理学者）
17207,羽咋市,中能登,20407,19585,11063,54.211790072034105,2607857,1039348,1168844,18090708,133155.83354608118,14.415450185808096,1473102.9865202962,56.48710748021445,17207_羽咋市_人口ピラミッド_2020-2050.mp4,1Qrnv0Ur3q1Qd5SQN81SdYIa8DlcODQtn,26502,25541,24517,23032,21729,18759,1629,9241,7830,8.711229946524064,49.41711229946524,41.87165775401069,1995,26502,70.78333710663345,41.744019319296655,-29.21666289336654,-58.25598068070335,-41.02564102564102,684,4467,5912,6.1827714001627045,40.377836030009945,53.43939256982735,139018.9775574391,1537966.9487179487,58.97435897435898,https://toukei.pref.ishikawa.lg.jp/library/2024.html,https://toukei.pref.ishikawa.lg.jp/search/detail.asp?d_id=5285,https://toukei.pref.ishikawa.lg.jp/search/detail.asp?d_id=4831,https://www.pref.ishikawa.lg.jp/sichousien/hikakubunseki/r6.html,267,,,1.4233168079321925,1.7212334083889829,1.2336070098048508,11,能登の玄関口、電子機器、観光、自然栽培,能登南部の交通・商業拠点。EIZO羽咋工場などの製造業があり、千里浜なぎさドライブウェイを中心とする観光も重要。,神子原米、自然栽培、いちじく、ぶどうなど、地域ブランド型の農業がみられる。,54.0,7.0,17.0,78.0,29.0,4.0,4.0,37.0,唐戸山神事相撲、羽咋まつり、千里浜関連イベント,羽咋高等学校、羽咋工業高等学校、羽咋中学校,平成の大合併なし,折口信夫（民俗学者・歌人（羽咋ゆかり））、高野誠鮮（地域活性化活動家・科学ジャーナリスト）、諏訪綾子（フードアーティスト）、東善作（飛行家（羽咋ゆかり））
17209,かほく市,石川中央,34889,36200,30439,87.24526355011608,4300824,1872661,1728929,23439228,118807.29281767955,18.34882957749291,3616375.186077348,84.08563535911601,17209_かほく市_人口ピラミッド_2020-2050.mp4,1XcjLmuepR1Nrb5057m6L4dKaPTGcJ5P0,34722,34670,34847,34651,34219,35517,5028,20021,10246,14.245643858903527,56.72474854795296,29.029607593143503,2025,35517,100.0,85.70262127995043,0.0,-14.297378720049558,-14.297378720049558,3778,15829,10832,12.411708663228096,52.00236538651073,35.58592595026118,121091.98412028042,3685918.904637216,85.70262127995043,https://toukei.pref.ishikawa.lg.jp/library/2024.html,https://toukei.pref.ishikawa.lg.jp/search/detail.asp?d_id=5285,https://toukei.pref.ishikawa.lg.jp/search/detail.asp?d_id=4831,https://www.pref.ishikawa.lg.jp/sichousien/hikakubunseki/r6.html,483,,,1.3599121547427993,3.2588649163469,3.3941755194296173,9,IT・電子、繊維、金沢通勤圏、ぶどう,金沢通勤圏として人口が比較的安定し、IT・電子と繊維産業が特徴。PFUの石川本社・開発生産拠点が立地する。,高松ぶどう、米、砂丘地を利用した野菜などの農業が行われる。,12.0,2.0,30.0,44.0,7.0,0.0,7.0,14.0,かほく四季まつり、サマーフェスタinかほく、かほく市制記念イベント,石川県立看護大学、宇ノ気中学校、河北台中学校,2004年：高松町＋七塚町＋宇ノ気町,西田幾多郎（哲学者）、奥川恭伸（プロ野球選手）、宮崎由加（歌手・タレント）、山瀬慎之助（プロ野球選手）
17210,白山市,石川中央,110408,112524,94293,85.40413738134917,18992021,7395600,9531908,63716310,168781.9576268174,29.807157696357496,15914957.130505493,83.79812306707902,17210_白山市_人口ピラミッド_2020-2050.mp4,1l1UqPqM2lJToAWLobDjzuOtIJbQCmMYL,103580,106977,109450,110459,109287,109024,14127,62245,31927,13.04444177693238,57.47513827459164,29.480419948475976,2010,110459,98.7008754379453,85.36470545632316,-1.2991245620546987,-14.635294543676835,-13.511703845024948,11398,48501,34394,12.087853817356535,51.43647990837072,36.47566627427275,174200.36872615205,16425875.368295057,86.48829615497505,https://toukei.pref.ishikawa.lg.jp/library/2024.html,https://toukei.pref.ishikawa.lg.jp/search/detail.asp?d_id=5285,https://toukei.pref.ishikawa.lg.jp/search/detail.asp?d_id=4831,https://www.pref.ishikawa.lg.jp/sichousien/hikakubunseki/r6.html,2203,2010.0,193.0,2.020656002348107,10.003505043776345,10.51437275382164,2,大規模製造業、物流、金沢都市圏、園芸農業,県内第2位の人口規模を持ち、国道8号沿線や工業団地に製造・物流企業が集積する。EIZO本社など、研究開発と生産機能を持つ企業が立地。,米、なし、トマト、ブロッコリー、白ねぎなど、手取川扇状地を生かした農業が盛ん。,139.0,20.0,91.0,250.0,185.0,6.0,23.0,214.0,ほうらい祭り、白峰若葉まつり、白山白川郷ウルトラマラソン,金城大学、金城大学短期大学部、松任高等学校、翠星高等学校,2005年：松任市＋美川町＋鶴来町＋河内村＋吉野谷村＋鳥越村＋尾口村＋白峰村,本谷有希子（劇作家・小説家）、浅川マキ（歌手）、西垣匠（俳優）、奥田敬和（政治家）
17211,能美市,南加賀,48523,49704,42084,86.73000432784453,9049204,3461969,4461452,30440155,182061.8863672944,29.72785125437108,7661892.425881217,84.66924191211976,17211_能美市_人口ピラミッド_2020-2050.mp4,1Iti3xQYXSMxzXqeMCK_d59nBkobzNrco,42033,45077,47207,48680,48881,48260,6182,28964,12877,12.872998354954918,60.312766799242034,26.814234845803053,2015,48881,98.7295677257012,86.09480166117714,-1.270432274298805,-13.905198338822856,-12.79734769995856,4584,22172,15328,10.892500712859992,52.685105978519154,36.422393308620855,187509.40737670948,7891145.900041442,87.20265230004144,https://toukei.pref.ishikawa.lg.jp/library/2024.html,https://toukei.pref.ishikawa.lg.jp/search/detail.asp?d_id=5285,https://toukei.pref.ishikawa.lg.jp/search/detail.asp?d_id=4831,https://www.pref.ishikawa.lg.jp/sichousien/hikakubunseki/r6.html,1746,1575.0,171.0,3.617903025279735,4.4280998074978575,4.692679869893098,6,先端製造業、繊維・素材、半導体、外国人比率高め,製造業の比重が高く、小松マテーレ、加賀東芝エレクトロニクスなど、繊維・高機能素材・半導体関連の事業所が立地する。,加賀丸いも、米などが代表的。製造業の人手を外国人住民が支える面も大きい。,64.0,1.0,41.0,106.0,2.0,0.0,4.0,6.0,九谷陶芸村まつり、根上り七夕まつり、辰口まつり,北陸先端科学技術大学院大学、寺井高等学校、辰口中学校,2005年：根上町＋寺井町＋辰口町,松井秀喜（元プロ野球選手）、森喜朗（政治家・元内閣総理大臣）、京田陽太（プロ野球選手）、鈴木雄介（競歩選手）
17212,野々市市,石川中央,57238,54583,55360,96.718962926727,8675796,3693188,3759562,25038460,158946.85158382647,34.64987862672066,8799297.703680633,101.42352014363443,17212_野々市市_人口ピラミッド_2020-2050.mp4,1akLO0TUsBaK5oeUQWbzg4ckomAQjhQkG,42945,45581,47977,51885,55099,58560,7623,37304,11899,13.414634146341465,65.64600710942175,20.939358744236795,2025,58560,100.0,94.53551912568308,0.0,-5.464480874316935,-5.464480874316935,6610,31887,16863,11.940028901734104,57.599349710982665,30.46062138728324,148152.25409836066,8201708.786885247,94.53551912568308,https://toukei.pref.ishikawa.lg.jp/library/2024.html,https://toukei.pref.ishikawa.lg.jp/search/detail.asp?d_id=5285,https://toukei.pref.ishikawa.lg.jp/search/detail.asp?d_id=4831,https://www.pref.ishikawa.lg.jp/sichousien/hikakubunseki/r6.html,808,708.0,100.0,1.3797814207650274,5.373177056093546,6.173052884642189,5,若い人口構成、商業・サービス、大学、金沢通勤圏,人口が比較的若く、金沢市に隣接する住宅・商業都市。金沢工業大学が立地し、教育、研究、サービス、小売の比重が高い。,市街化が進む一方、米、野菜、花きなどの都市近郊農業も残る。,0.0,0.0,0.0,0.0,0.0,0.0,0.0,0.0,野々市じょんからまつり、北国街道野々市の市、野々市市文化祭,金沢工業大学、石川県立大学、野々市明倫高等学校,合併なし。2011年に野々市町が単独市制,米林宏昌（アニメーション監督）、吉田メタル（俳優）、大倉颯太（バスケットボール選手）、村浜武洋（プロレスラー）
17324,川北町,南加賀,6135,6041,5418,88.31295843520782,1313899,398094,838261,5620715,217496.9375931137,23.37601177074447,1178398.4078794902,89.68713789107764,17324_川北町_人口ピラミッド_2020-2050.mp4,1V5PWrgaT1ltDDGQ3ekA9YNvVB085fFaB,4514,4922,5677,6147,6347,6023,851,3666,1506,14.129171509214675,60.86667773534783,25.00415075543749,2015,6347,94.89522609106665,85.36316369938554,-5.104773908933358,-14.636836300614464,-10.044828158724885,608,2904,1906,11.2218530823182,53.59911406423035,35.17903285345146,218146.9367424872,1181920.1032707954,89.95517184127513,https://toukei.pref.ishikawa.lg.jp/library/2024.html,https://toukei.pref.ishikawa.lg.jp/search/detail.asp?d_id=5285,https://toukei.pref.ishikawa.lg.jp/search/detail.asp?d_id=4831,https://www.pref.ishikawa.lg.jp/sichousien/hikakubunseki/r6.html,69,,,1.145608500747136,0.5526408027467798,0.6041474083994108,19,小規模・工業集積、電子部品、手取川扇状地、稲作,人口規模は県内最小だが、工業団地と大規模工場の影響が大きい。ジャパンディスプレイ石川工場が立地し、製造業の税収寄与が目立つ。,手取川扇状地の水田を中心に、米、大豆、野菜などを生産する。,0.0,0.0,0.0,0.0,0.0,0.0,0.0,0.0,川北まつり・北國大花火川北大会、町民文化祭,川北中学校、川北小学校、中島小学校、橘小学校,平成の大合併なし,角ゆりあ（アイドル）、江戸満（政治家）、曄道文芸（法学者）
17361,津幡町,石川中央,36957,37521,32050,86.72240712179018,4381996,2072216,1776145,19792562,116787.8254843954,22.139609819082544,3743049.806774873,85.41883212067908,17361_津幡町_人口ピラミッド_2020-2050.mp4,11o1xlTIJ_U95ck6P54aIR8DGEh1YqH4K,30318,34304,35712,36940,36968,36880,4733,22168,9794,12.89821501566971,60.41150020438752,26.69028477994277,2015,36968,99.76195628651809,86.69660246699848,-0.238043713481928,-13.303397533001515,-13.09652928416486,3364,16218,12468,10.49609984399376,50.6021840873635,38.90171606864274,118817.67895878524,3808106.6106290673,86.90347071583514,https://toukei.pref.ishikawa.lg.jp/library/2024.html,https://toukei.pref.ishikawa.lg.jp/search/detail.asp?d_id=5285,https://toukei.pref.ishikawa.lg.jp/search/detail.asp?d_id=4831,https://www.pref.ishikawa.lg.jp/sichousien/hikakubunseki/r6.html,502,400.0,102.0,1.36117136659436,3.3839270804086405,3.573814034551701,8,金沢通勤圏、住宅都市、物流・製造、まこも,金沢市に隣接し、鉄道・道路交通を生かした住宅都市。小売・サービス、物流、製造業が混在し、県北部への結節点でもある。,米、まこも、豆類、野菜などの農業が行われる。,78.0,48.0,57.0,183.0,34.0,10.0,33.0,77.0,津幡ふるさとまつり、八朔まつり、倶利迦羅不動寺八重桜まつり,津幡高等学校、津幡中学校、津幡南中学校,平成の大合併なし,大の里泰輝（大相撲力士）、川井梨紗子（レスリング選手）、川井友香子（レスリング選手）、野際陽子（俳優）
17365,内灘町,石川中央,26574,25662,20566,77.39143523745014,2563424,1388689,829947,14649482,99891.82448756916,17.49839345855369,2054375.262411348,80.1418439716312,17365_内灘町_人口ピラミッド_2020-2050.mp4,1Uise8I541lyEkrT_KplUAlBWn8RkCjGs,26367,26560,26896,26927,26987,25507,2891,14598,7384,11.623045068950267,58.69014594138222,29.68680898966751,2015,26987,94.51587801534072,76.20706265979916,-5.484121984659285,-23.79293734020084,-19.37115301681891,1905,10491,8170,9.262861032772538,51.01137800252844,39.72576096469902,100498.84345473791,2066859.21449014,80.62884698318108,https://toukei.pref.ishikawa.lg.jp/library/2024.html,https://toukei.pref.ishikawa.lg.jp/search/detail.asp?d_id=5285,https://toukei.pref.ishikawa.lg.jp/search/detail.asp?d_id=4831,https://www.pref.ishikawa.lg.jp/sichousien/hikakubunseki/r6.html,420,,,1.6466068138158152,2.3403966388281776,2.293262384854611,10,住宅都市、医療・教育、砂丘地農業、酪農,金沢通勤圏の住宅都市で、金沢医科大学・大学病院が医療、教育、雇用の大きな核となっている。,河北潟周辺の酪農や、砂丘地を利用した野菜・園芸農業が特徴。,0.0,0.0,5.0,5.0,0.0,0.0,1.0,1.0,世界の凧の祭典、内灘町民夏まつり、サンセットブリッジ関連イベント,金沢医科大学、内灘高等学校、内灘中学校,平成の大合併なし,松村玲郎（キャスター）、喜多形寛丈（ピアニスト・作編曲家）、上田樹（サッカー選手）、坂上樹大（競輪選手）
17384,志賀町,中能登,18630,17609,8740,46.913580246913575,3939480,832241,2848658,31992520,223719.6887955023,12.313753339843188,1955310.08007269,49.633710034641375,17384_志賀町_人口ピラミッド_2020-2050.mp4,1C6Tweo81MfyQ9LJDlEAhk08Tym2zRAB5,26965,25396,23790,22216,20422,16219,1189,7151,7822,7.356762776884048,44.2457616631605,48.39747555995545,1995,26965,60.14834044131281,32.41238642684962,-39.85165955868719,-67.58761357315038,-46.11258400641223,527,3268,4945,6.02974828375286,37.391304347826086,56.57894736842105,242892.90338491893,2122883.975584192,53.88741599358776,https://toukei.pref.ishikawa.lg.jp/library/2024.html,https://toukei.pref.ishikawa.lg.jp/search/detail.asp?d_id=5285,https://toukei.pref.ishikawa.lg.jp/search/detail.asp?d_id=4831,https://www.pref.ishikawa.lg.jp/sichousien/hikakubunseki/r6.html,244,,,1.5044084098896355,1.4881755237838323,0.9745751844612128,13,原子力発電、工業団地、観光、ころ柿,志賀原子力発電所と能登中核工業団地などが財政・雇用に影響する。製造業、観光、農林水産業が並存するが、原発関連収入は人口だけでは説明できない。,ころ柿、すいか、さつまいも、米のほか、沿岸漁業も地域産業を支える。,130.0,15.0,100.0,245.0,23.0,1.0,22.0,46.0,西能登やっちゃ祭り、冨木八朔祭礼、志賀町祭,志賀高等学校、志賀中学校、富来中学校,2005年：旧志賀町＋富来町,小松辰雄（元プロ野球選手）、板倉美紀（陸上競技選手）、坪野哲久（歌人）、岡部文夫（歌人）
17386,宝達志水町,中能登,12121,11822,6245,51.52215163765366,1656244,636495,912977,13483702,140098.46049737776,12.283303205603326,874914.8858061242,52.82524107596007,17386_宝達志水町_人口ピラミッド_2020-2050.mp4,1ylAuZNXidTeMnYshkP--LaHqoCMFkc-U,16409,15891,15236,14277,13174,10986,880,5473,4624,8.01676232121709,49.85879566366038,42.124442015122526,1995,16409,66.95106344079468,38.05838259491743,-33.04893655920531,-61.941617405082575,-43.1549244492991,339,2529,3377,5.428342674139311,40.49639711769416,54.07526020816653,150759.51210631712,941493.1531039504,56.8450755507009,https://toukei.pref.ishikawa.lg.jp/library/2024.html,https://toukei.pref.ishikawa.lg.jp/search/detail.asp?d_id=5285,https://toukei.pref.ishikawa.lg.jp/search/detail.asp?d_id=4831,https://www.pref.ishikawa.lg.jp/sichousien/hikakubunseki/r6.html,256,,,2.330238485344984,1.0080212284536152,0.6963640763112441,16,製造業、農業、千里浜、いちじく,農業に加えて軸受関連などの製造業が立地。NTN宝達志水製作所は地域の代表的な事業所だが、2025年に生産機能の段階的移管が公表されており、今後の雇用構造には変化の可能性がある。,米、いちじく、ぶどうなどの農業と、千里浜周辺の観光が特徴。,33.0,30.0,53.0,116.0,16.0,6.0,8.0,30.0,宝浪漫マラソン、宝達志水町民祭、千里浜関連イベント,宝達高等学校、宝達中学校,2005年：志雄町＋押水町,新川二朗（歌手）、萩山教嚴（政治家）、石森大誠（プロ野球選手）、中村和美（バレーボール選手）
17407,中能登町,中能登,16540,16529,10166,61.463119709794434,1659468,681209,821306,17074831,100397.36221187004,9.718796045477696,1020639.5842458708,61.50402323189545,17407_中能登町_人口ピラミッド_2020-2050.mp4,1CCnrdPF2WXCv4IY8N4KcjaMyPgbeX1Hr,19716,19149,18959,18535,17571,15164,1607,7653,5897,10.602361944975918,50.49152206901102,38.90611598601306,1995,19716,76.9121525664435,51.56218299857983,-23.087847433556508,-48.43781700142017,-32.959641255605376,961,4501,4704,9.453078890419045,44.27503442848712,46.27188668109385,109434.71379583224,1112513.3004484305,67.04035874439461,https://toukei.pref.ishikawa.lg.jp/library/2024.html,https://toukei.pref.ishikawa.lg.jp/search/detail.asp?d_id=5285,https://toukei.pref.ishikawa.lg.jp/search/detail.asp?d_id=4831,https://www.pref.ishikawa.lg.jp/sichousien/hikakubunseki/r6.html,208,,,1.371669744130836,1.3913739221072836,1.1335848198206735,14,繊維産業、製造業、農業、歴史文化,能登の合繊織物産地の中心で、丸井織物などのテキスタイル企業が立地。製造業の比率が高く、地域雇用を支える。,米、野菜などの農業に加え、石動山などの歴史・文化資源を持つ。,130.0,4.0,36.0,170.0,47.0,0.0,2.0,49.0,織姫夏ものがたり、おにぎりの里中能登まつり、石動山関連イベント,鹿西高等学校、中能登中学校,2005年：鳥屋町＋鹿島町＋鹿西町,近藤和也（政治家）、神和住純（テニス選手）、山下カズ子（将棋棋士）、永源遙（プロレスラー）
17461,穴水町,奥能登,7890,6907,3729,47.26235741444867,1019357,273068,633805,31931045,147583.17648762124,3.1923696828587977,550337.6651223396,53.988707108730274,17461_穴水町_人口ピラミッド_2020-2050.mp4,12vp7U8oor97eNSsQvqCE92Eq4QdYSglB,12053,11267,10549,9735,8786,6655,425,2711,3456,6.447208737864078,41.12560679611651,52.42718446601942,1995,12053,55.21446942669874,30.93835559611715,-44.78553057330126,-69.06164440388285,-43.96694214876034,207,1423,2099,5.551086082059534,38.16036470903728,56.28854920890319,153171.60030052593,571176.8975206612,56.03305785123968,https://toukei.pref.ishikawa.lg.jp/library/2024.html,https://toukei.pref.ishikawa.lg.jp/search/detail.asp?d_id=5285,https://toukei.pref.ishikawa.lg.jp/search/detail.asp?d_id=4831,https://www.pref.ishikawa.lg.jp/sichousien/hikakubunseki/r6.html,143,147.0,-4.0,2.1487603305785123,0.6106300086800299,0.4158113115395723,18,交通・生活拠点、水産・養殖、ワイン、震災復興,奥能登への交通・医療・商業の中継拠点。水産、養殖、建設、サービス業の比重があり、震災復興事業の影響も大きい。,能登ワインの原料ぶどう、米、能登かきなど、農業と水産業を組み合わせた地域産業。,93.0,12.0,115.0,220.0,15.0,0.0,36.0,51.0,雪中ジャンボかきまつり、長谷部まつり、ローエル祭,穴水高等学校、穴水中学校,平成の大合併なし,遠藤聖大（大相撲力士）、三枝こころ（ファッションモデル）、坂本三十次（政治家）、三輪一雄（歌手）
17463,能登町,奥能登,15687,14331,6173,39.35105501370562,1494478,572540,673745,42387843,104282.8832600656,3.525723165484028,643738.2383643849,43.074453980880605,17463_能登町_人口ピラミッド_2020-2050.mp4,1QKBD1cyJH4DIUS6fg6V5M3PESysofUjU,25590,23673,21792,19565,17568,12987,832,5044,7109,6.40739314593762,38.84482094724682,54.74778590681556,1995,25590,50.75029308323564,24.122704181320827,-49.24970691676436,-75.87729581867917,-52.46785246785246,313,1976,3884,5.070468167827637,32.01036773043901,62.91916410173336,115074.92107492108,710357.4877954877,47.532147532147526,https://toukei.pref.ishikawa.lg.jp/library/2024.html,https://toukei.pref.ishikawa.lg.jp/search/detail.asp?d_id=5285,https://toukei.pref.ishikawa.lg.jp/search/detail.asp?d_id=4831,https://www.pref.ishikawa.lg.jp/sichousien/hikakubunseki/r6.html,153,136.0,17.0,1.178101178101178,1.1916231288846804,0.6883355393225475,15,漁業、農林業、観光、食品加工,漁業、農林業、観光、食品加工が中心で、大規模企業より地域資源型の事業が多い。人口減少と高齢化が進み、担い手確保が重要。,いか、ぶりなどの水産物、米、ブルーベリー、きのこ類などが代表的。,240.0,68.0,218.0,526.0,53.0,12.0,93.0,158.0,あばれ祭、ござれ祭り、松波人形キリコ祭り,能登高等学校、能都中学校、柳田中学校、小木中学校,2005年：能都町＋柳田村＋内浦町,益谷秀次（政治家）、西谷啓治（哲学者）、津雲むつみ（漫画家）、岩下大輝（プロ野球選手）
