code5,city,region,pop2020,pop_current_2025jan,pop2050,pop2050_index_2020,local_tax_thousand,resident_tax_thousand,fixed_tax_thousand,revenue_total_thousand,per_capita_tax_yen,tax_share_revenue_pct,tax2050_simple_thousand,tax2050_simple_index,video_file,drive_id,pop1995,pop2000,pop2005,pop2010,pop2015,pop_current,youth_count,working_count,elderly_count,youth_pct,working_pct,elderly_pct,peak_year,peak_pop,current_index_peak,pop2050_index_peak,peak_to_current_pct,peak_to_2050_pct,current_to_2050_pct,youth2050_count,working2050_count,elderly2050_count,youth2050_pct,working2050_pct,elderly2050_pct,per_capita_tax_yen_latest,tax2050_simple_thousand_latest,tax2050_simple_index_latest,source_historical,source_current_age,source_future,source_tax
17201,金沢市,石川中央,463254,443123,404449,87.30609989336303,85876202,36880971,33766210,217429616,193797.6634027121,39.496092381453686,78381271.16556351,91.27240066527804,17201_金沢市_人口ピラミッド_2020-2050.mp4,1tE21iqw9Egoy2MQqd5VSUUcJDMNxnNzb,453975,456438,454607,462361,465699,454163,49606,266242,124134,11.274552140769394,60.51202094631144,28.213426912919164,2015,465699,97.52286348048848,86.84772782419546,-2.4771365195115247,-13.152272175804548,-10.9462902085815,41202,216602,146645,10.187192946453075,53.554836332887454,36.257970720659465,189086.74198470594,76475943.70897233,89.0537097914185,https://toukei.pref.ishikawa.lg.jp/library/2024.html,https://toukei.pref.ishikawa.lg.jp/search/detail.asp?d_id=5285,https://toukei.pref.ishikawa.lg.jp/search/detail.asp?d_id=4831,https://www.pref.ishikawa.lg.jp/sichousien/hikakubunseki/r6.html
17202,七尾市,中能登,50300,46500,27443,54.55864811133201,7721475,2585710,4107528,68659241,166053.2258064516,11.24608266496858,4556998.675806452,59.01720430107527,17202_七尾市_人口ピラミッド_2020-2050.mp4,1IOj0mBEb7TCMmIVXxvfKlTdLGrhH2a35,67368,63963,61871,57900,55325,44555,3761,21855,18401,8.54442601722062,49.651271099802344,41.80430288297703,1995,67368,66.13674147963424,40.735957724735776,-33.86325852036576,-59.26404227526423,-38.40646392099652,1906,11901,13636,6.945304813613672,43.36625004554895,49.68844514083737,173302.09852990686,4755929.489956234,61.59353607900348,https://toukei.pref.ishikawa.lg.jp/library/2024.html,https://toukei.pref.ishikawa.lg.jp/search/detail.asp?d_id=5285,https://toukei.pref.ishikawa.lg.jp/search/detail.asp?d_id=4831,https://www.pref.ishikawa.lg.jp/sichousien/hikakubunseki/r6.html
17203,小松市,南加賀,106216,105475,86175,81.131844543195,16647959,7538752,7040502,57325090,157837.96160227543,29.04131332371218,13601686.341076083,81.70182507703247,17203_小松市_人口ピラミッド_2020-2050.mp4,1XSnyOgz7A2PKCMy3bvHqJ1acUWGBy25u,107965,108622,109084,108433,106919,103332,12502,59231,30244,12.259627170832639,58.08270492365926,29.657667905508106,2005,109084,94.72699937662719,78.99875325437277,-5.273000623372814,-21.00124674562722,-16.603762629195217,9460,45168,31547,10.977661734841892,52.414273281114006,36.6080649840441,161111.35950141292,13883771.405034257,83.39623737080477,https://toukei.pref.ishikawa.lg.jp/library/2024.html,https://toukei.pref.ishikawa.lg.jp/search/detail.asp?d_id=5285,https://toukei.pref.ishikawa.lg.jp/search/detail.asp?d_id=4831,https://www.pref.ishikawa.lg.jp/sichousien/hikakubunseki/r6.html
17204,輪島市,奥能登,24608,20928,10754,43.70123537061119,2048765,674628,1037965,114207932,97895.88111620797,1.7938902877603982,1052772.3055237003,51.38570336391437,17204_輪島市_人口ピラミッド_2020-2050.mp4,1znmRZHzeMoqLZwLc0Lw_sqM06tBhg6jk,37133,34531,32823,29858,27216,18708,1140,7708,9737,6.133979015334948,41.474307237019104,52.39171374764595,1995,37133,50.38106266663076,28.96076266393774,-49.61893733336924,-71.03923733606226,-42.5165704511439,626,4176,5952,5.821089827041101,38.832062488376415,55.34684768458248,109512.77528330126,1177700.3853966217,57.4834295488561,https://toukei.pref.ishikawa.lg.jp/library/2024.html,https://toukei.pref.ishikawa.lg.jp/search/detail.asp?d_id=5285,https://toukei.pref.ishikawa.lg.jp/search/detail.asp?d_id=4831,https://www.pref.ishikawa.lg.jp/sichousien/hikakubunseki/r6.html
17205,珠洲市,奥能登,12929,11374,5083,39.31471884909893,1141573,418908,535101,85470396,100366.88939687006,1.335635557368893,510164.8988042905,44.68964304554247,17205_珠洲市_人口ピラミッド_2020-2050.mp4,1SKeDb3_Iql-G83m5MjJRtVR9BHJhT88V,21580,19852,18050,16300,14625,9812,583,3792,5416,5.954447962414462,38.72944540904913,55.31610662853641,1995,21580,45.46802594995366,23.55421686746988,-54.53197405004634,-76.44578313253012,-48.196086424785975,285,1655,3143,5.606925044265198,32.55951209915404,61.83356285658076,116344.57806767224,591379.4903179781,51.80391357521403,https://toukei.pref.ishikawa.lg.jp/library/2024.html,https://toukei.pref.ishikawa.lg.jp/search/detail.asp?d_id=5285,https://toukei.pref.ishikawa.lg.jp/search/detail.asp?d_id=4831,https://www.pref.ishikawa.lg.jp/sichousien/hikakubunseki/r6.html
17206,加賀市,南加賀,63220,61703,36571,57.84720025308447,9282196,3793916,4049939,38849060,150433.46352689498,23.89297450182836,5501502.194642075,59.26940343257216,17206_加賀市_人口ピラミッド_2020-2050.mp4,1EQ5XMua-29R9L6g169w7BFwWxlVle537,80333,78563,74982,71887,67186,58747,5655,30964,21893,9.664684167350288,52.9190593382554,37.41625649439431,1995,80333,73.12934908443603,45.52425528736634,-26.870650915563964,-54.475744712633656,-37.74831055202819,2786,15950,17835,7.61805802411747,43.61379234912909,48.768149626753434,158002.893764788,5778323.827872062,62.25168944797181,https://toukei.pref.ishikawa.lg.jp/library/2024.html,https://toukei.pref.ishikawa.lg.jp/search/detail.asp?d_id=5285,https://toukei.pref.ishikawa.lg.jp/search/detail.asp?d_id=4831,https://www.pref.ishikawa.lg.jp/sichousien/hikakubunseki/r6.html
17207,羽咋市,中能登,20407,19585,11063,54.211790072034105,2607857,1039348,1168844,18090708,133155.83354608118,14.415450185808096,1473102.9865202962,56.48710748021445,17207_羽咋市_人口ピラミッド_2020-2050.mp4,1Qrnv0Ur3q1Qd5SQN81SdYIa8DlcODQtn,26502,25541,24517,23032,21729,18759,1629,9241,7830,8.711229946524064,49.41711229946524,41.87165775401069,1995,26502,70.78333710663345,41.744019319296655,-29.21666289336654,-58.255980680703345,-41.02564102564102,684,4467,5912,6.1827714001627045,40.377836030009945,53.43939256982735,139018.9775574391,1537966.9487179487,58.97435897435898,https://toukei.pref.ishikawa.lg.jp/library/2024.html,https://toukei.pref.ishikawa.lg.jp/search/detail.asp?d_id=5285,https://toukei.pref.ishikawa.lg.jp/search/detail.asp?d_id=4831,https://www.pref.ishikawa.lg.jp/sichousien/hikakubunseki/r6.html
17209,かほく市,石川中央,34889,36200,30439,87.24526355011608,4300824,1872661,1728929,23439228,118807.29281767955,18.34882957749291,3616375.186077348,84.08563535911601,17209_かほく市_人口ピラミッド_2020-2050.mp4,1XcjLmuepR1Nrb5057m6L4dKaPTGcJ5P0,34722,34670,34847,34651,34219,35517,5028,20021,10246,14.245643858903529,56.72474854795296,29.029607593143503,2025,35517,100.0,85.70262127995043,0.0,-14.297378720049558,-14.297378720049558,3778,15829,10832,12.411708663228096,52.00236538651073,35.58592595026118,121091.98412028042,3685918.9046372157,85.70262127995043,https://toukei.pref.ishikawa.lg.jp/library/2024.html,https://toukei.pref.ishikawa.lg.jp/search/detail.asp?d_id=5285,https://toukei.pref.ishikawa.lg.jp/search/detail.asp?d_id=4831,https://www.pref.ishikawa.lg.jp/sichousien/hikakubunseki/r6.html
17210,白山市,石川中央,110408,112524,94293,85.40413738134917,18992021,7395600,9531908,63716310,168781.9576268174,29.807157696357496,15914957.130505493,83.79812306707902,17210_白山市_人口ピラミッド_2020-2050.mp4,1l1UqPqM2lJToAWLobDjzuOtIJbQCmMYL,103580,106977,109450,110459,109287,109024,14127,62245,31927,13.04444177693238,57.47513827459164,29.480419948475976,2010,110459,98.7008754379453,85.36470545632316,-1.2991245620546987,-14.635294543676835,-13.511703845024947,11398,48501,34394,12.087853817356537,51.436479908370714,36.47566627427275,174200.36872615205,16425875.368295055,86.48829615497505,https://toukei.pref.ishikawa.lg.jp/library/2024.html,https://toukei.pref.ishikawa.lg.jp/search/detail.asp?d_id=5285,https://toukei.pref.ishikawa.lg.jp/search/detail.asp?d_id=4831,https://www.pref.ishikawa.lg.jp/sichousien/hikakubunseki/r6.html
17211,能美市,南加賀,48523,49704,42084,86.73000432784453,9049204,3461969,4461452,30440155,182061.8863672944,29.72785125437108,7661892.425881217,84.66924191211976,17211_能美市_人口ピラミッド_2020-2050.mp4,1Iti3xQYXSMxzXqeMCK_d59nBkobzNrco,42033,45077,47207,48680,48881,48260,6182,28964,12877,12.872998354954918,60.312766799242034,26.814234845803053,2015,48881,98.7295677257012,86.09480166117714,-1.270432274298805,-13.905198338822855,-12.79734769995856,4584,22172,15328,10.892500712859993,52.685105978519154,36.422393308620855,187509.40737670948,7891145.900041442,87.20265230004144,https://toukei.pref.ishikawa.lg.jp/library/2024.html,https://toukei.pref.ishikawa.lg.jp/search/detail.asp?d_id=5285,https://toukei.pref.ishikawa.lg.jp/search/detail.asp?d_id=4831,https://www.pref.ishikawa.lg.jp/sichousien/hikakubunseki/r6.html
17212,野々市市,石川中央,57238,54583,55360,96.718962926727,8675796,3693188,3759562,25038460,158946.85158382647,34.64987862672066,8799297.703680633,101.42352014363443,17212_野々市市_人口ピラミッド_2020-2050.mp4,1akLO0TUsBaK5oeUQWbzg4ckomAQjhQkG,42945,45581,47977,51885,55099,58560,7623,37304,11899,13.414634146341465,65.64600710942175,20.939358744236795,2025,58560,100.0,94.53551912568307,0.0,-5.464480874316935,-5.464480874316935,6610,31887,16863,11.940028901734104,57.599349710982665,30.460621387283236,148152.25409836066,8201708.786885247,94.53551912568307,https://toukei.pref.ishikawa.lg.jp/library/2024.html,https://toukei.pref.ishikawa.lg.jp/search/detail.asp?d_id=5285,https://toukei.pref.ishikawa.lg.jp/search/detail.asp?d_id=4831,https://www.pref.ishikawa.lg.jp/sichousien/hikakubunseki/r6.html
17324,川北町,南加賀,6135,6041,5418,88.31295843520782,1313899,398094,838261,5620715,217496.9375931137,23.37601177074447,1178398.4078794902,89.68713789107764,17324_川北町_人口ピラミッド_2020-2050.mp4,1V5PWrgaT1ltDDGQ3ekA9YNvVB085fFaB,4514,4922,5677,6147,6347,6023,851,3666,1506,14.129171509214677,60.86667773534783,25.004150755437486,2015,6347,94.89522609106665,85.36316369938554,-5.104773908933358,-14.636836300614464,-10.044828158724883,608,2904,1906,11.2218530823182,53.59911406423035,35.17903285345146,218146.93674248713,1181920.1032707954,89.95517184127513,https://toukei.pref.ishikawa.lg.jp/library/2024.html,https://toukei.pref.ishikawa.lg.jp/search/detail.asp?d_id=5285,https://toukei.pref.ishikawa.lg.jp/search/detail.asp?d_id=4831,https://www.pref.ishikawa.lg.jp/sichousien/hikakubunseki/r6.html
17361,津幡町,石川中央,36957,37521,32050,86.72240712179018,4381996,2072216,1776145,19792562,116787.8254843954,22.139609819082544,3743049.806774873,85.41883212067908,17361_津幡町_人口ピラミッド_2020-2050.mp4,11o1xlTIJ_U95ck6P54aIR8DGEh1YqH4K,30318,34304,35712,36940,36968,36880,4733,22168,9794,12.89821501566971,60.411500204387515,26.69028477994277,2015,36968,99.76195628651807,86.69660246699848,-0.238043713481928,-13.303397533001515,-13.096529284164859,3364,16218,12468,10.49609984399376,50.6021840873635,38.90171606864274,118817.67895878525,3808106.6106290673,86.90347071583514,https://toukei.pref.ishikawa.lg.jp/library/2024.html,https://toukei.pref.ishikawa.lg.jp/search/detail.asp?d_id=5285,https://toukei.pref.ishikawa.lg.jp/search/detail.asp?d_id=4831,https://www.pref.ishikawa.lg.jp/sichousien/hikakubunseki/r6.html
17365,内灘町,石川中央,26574,25662,20566,77.39143523745014,2563424,1388689,829947,14649482,99891.82448756916,17.49839345855369,2054375.262411348,80.1418439716312,17365_内灘町_人口ピラミッド_2020-2050.mp4,1Uise8I541lyEkrT_KplUAlBWn8RkCjGs,26367,26560,26896,26927,26987,25507,2891,14598,7384,11.623045068950267,58.69014594138222,29.68680898966751,2015,26987,94.51587801534072,76.20706265979916,-5.484121984659285,-23.792937340200837,-19.37115301681891,1905,10491,8170,9.262861032772538,51.01137800252844,39.72576096469902,100498.84345473791,2066859.2144901399,80.62884698318108,https://toukei.pref.ishikawa.lg.jp/library/2024.html,https://toukei.pref.ishikawa.lg.jp/search/detail.asp?d_id=5285,https://toukei.pref.ishikawa.lg.jp/search/detail.asp?d_id=4831,https://www.pref.ishikawa.lg.jp/sichousien/hikakubunseki/r6.html
17384,志賀町,中能登,18630,17609,8740,46.913580246913575,3939480,832241,2848658,31992520,223719.6887955023,12.313753339843188,1955310.08007269,49.633710034641375,17384_志賀町_人口ピラミッド_2020-2050.mp4,1C6Tweo81MfyQ9LJDlEAhk08Tym2zRAB5,26965,25396,23790,22216,20422,16219,1189,7151,7822,7.3567627768840484,44.2457616631605,48.39747555995545,1995,26965,60.14834044131281,32.41238642684962,-39.85165955868719,-67.58761357315038,-46.11258400641223,527,3268,4945,6.02974828375286,37.391304347826086,56.57894736842105,242892.90338491893,2122883.9755841913,53.88741599358776,https://toukei.pref.ishikawa.lg.jp/library/2024.html,https://toukei.pref.ishikawa.lg.jp/search/detail.asp?d_id=5285,https://toukei.pref.ishikawa.lg.jp/search/detail.asp?d_id=4831,https://www.pref.ishikawa.lg.jp/sichousien/hikakubunseki/r6.html
17386,宝達志水町,中能登,12121,11822,6245,51.52215163765366,1656244,636495,912977,13483702,140098.46049737776,12.283303205603326,874914.8858061242,52.82524107596007,17386_宝達志水町_人口ピラミッド_2020-2050.mp4,1ylAuZNXidTeMnYshkP--LaHqoCMFkc-U,16409,15891,15236,14277,13174,10986,880,5473,4624,8.01676232121709,49.85879566366038,42.124442015122526,1995,16409,66.95106344079468,38.058382594917425,-33.04893655920531,-61.941617405082575,-43.1549244492991,339,2529,3377,5.428342674139311,40.49639711769416,54.07526020816653,150759.51210631712,941493.1531039505,56.8450755507009,https://toukei.pref.ishikawa.lg.jp/library/2024.html,https://toukei.pref.ishikawa.lg.jp/search/detail.asp?d_id=5285,https://toukei.pref.ishikawa.lg.jp/search/detail.asp?d_id=4831,https://www.pref.ishikawa.lg.jp/sichousien/hikakubunseki/r6.html
17407,中能登町,中能登,16540,16529,10166,61.463119709794434,1659468,681209,821306,17074831,100397.36221187004,9.718796045477696,1020639.5842458708,61.50402323189545,17407_中能登町_人口ピラミッド_2020-2050.mp4,1CCnrdPF2WXCv4IY8N4KcjaMyPgbeX1Hr,19716,19149,18959,18535,17571,15164,1607,7653,5897,10.602361944975918,50.49152206901102,38.90611598601306,1995,19716,76.9121525664435,51.56218299857983,-23.087847433556508,-48.43781700142017,-32.959641255605376,961,4501,4704,9.453078890419043,44.27503442848712,46.27188668109385,109434.71379583223,1112513.3004484305,67.04035874439461,https://toukei.pref.ishikawa.lg.jp/library/2024.html,https://toukei.pref.ishikawa.lg.jp/search/detail.asp?d_id=5285,https://toukei.pref.ishikawa.lg.jp/search/detail.asp?d_id=4831,https://www.pref.ishikawa.lg.jp/sichousien/hikakubunseki/r6.html
17461,穴水町,奥能登,7890,6907,3729,47.26235741444867,1019357,273068,633805,31931045,147583.17648762124,3.1923696828587977,550337.6651223396,53.988707108730274,17461_穴水町_人口ピラミッド_2020-2050.mp4,12vp7U8oor97eNSsQvqCE92Eq4QdYSglB,12053,11267,10549,9735,8786,6655,425,2711,3456,6.447208737864078,41.12560679611651,52.42718446601942,1995,12053,55.21446942669874,30.93835559611715,-44.78553057330126,-69.06164440388285,-43.96694214876034,207,1423,2099,5.551086082059534,38.160364709037275,56.28854920890319,153171.60030052593,571176.8975206612,56.033057851239676,https://toukei.pref.ishikawa.lg.jp/library/2024.html,https://toukei.pref.ishikawa.lg.jp/search/detail.asp?d_id=5285,https://toukei.pref.ishikawa.lg.jp/search/detail.asp?d_id=4831,https://www.pref.ishikawa.lg.jp/sichousien/hikakubunseki/r6.html
17463,能登町,奥能登,15687,14331,6173,39.35105501370562,1494478,572540,673745,42387843,104282.8832600656,3.525723165484028,643738.2383643849,43.074453980880605,17463_能登町_人口ピラミッド_2020-2050.mp4,1QKBD1cyJH4DIUS6fg6V5M3PESysofUjU,25590,23673,21792,19565,17568,12987,832,5044,7109,6.40739314593762,38.84482094724682,54.74778590681556,1995,25590,50.75029308323564,24.122704181320827,-49.24970691676436,-75.87729581867917,-52.46785246785246,313,1976,3884,5.070468167827637,32.01036773043901,62.91916410173336,115074.92107492108,710357.4877954877,47.532147532147526,https://toukei.pref.ishikawa.lg.jp/library/2024.html,https://toukei.pref.ishikawa.lg.jp/search/detail.asp?d_id=5285,https://toukei.pref.ishikawa.lg.jp/search/detail.asp?d_id=4831,https://www.pref.ishikawa.lg.jp/sichousien/hikakubunseki/r6.html
